{
    "learning_rate": 0.001,
    "hidden_channels": 128,
    "religion_compliance": 0.8603633916554508,
    "ethnicity_compliance": 0.816621803499327,
    "size_accuracy": 0.7096195262024407,
    "overall_accuracy": 0.7955349071190728,
    "best_loss": 2.882071018218994,
    "total_combinations": 6,
    "area_code": "E02005951",
    "religion_accuracy_percent": 86.03633916554509,
    "ethnicity_accuracy_percent": 81.6621803499327,
    "size_accuracy_percent": 70.96195262024408,
    "overall_accuracy_percent": 79.55349071190729,
    "total_training_time": "0:32:30",
    "final_religion_compliance": 0.8603633916554508,
    "final_ethnicity_compliance": 0.816621803499327,
    "final_size_accuracy": 0.7096195262024407,
    "final_overall_accuracy": 0.7955349071190728,
    "final_religion_accuracy_percent": 86.03633916554509,
    "final_ethnicity_accuracy_percent": 81.6621803499327,
    "final_size_accuracy_percent": 70.96195262024408,
    "final_overall_accuracy_percent": 79.55349071190729
}