{
    "learning_rate": 0.001,
    "hidden_channels": 64,
    "religion_compliance": 0.8674293405114402,
    "ethnicity_compliance": 0.8585127860026918,
    "size_accuracy": 0.7058874458874459,
    "overall_accuracy": 0.8106098574671926,
    "best_loss": 3.591661214828491,
    "total_combinations": 1,
    "area_code": "E02005951",
    "religion_accuracy_percent": 86.74293405114402,
    "ethnicity_accuracy_percent": 85.85127860026918,
    "size_accuracy_percent": 70.58874458874459,
    "overall_accuracy_percent": 81.06098574671925,
    "total_training_time": "0:05:27",
    "final_religion_compliance": 0.8674293405114402,
    "final_ethnicity_compliance": 0.8585127860026918,
    "final_size_accuracy": 0.7058874458874459,
    "final_overall_accuracy": 0.8106098574671926,
    "final_religion_accuracy_percent": 86.74293405114402,
    "final_ethnicity_accuracy_percent": 85.85127860026918,
    "final_size_accuracy_percent": 70.58874458874459,
    "final_overall_accuracy_percent": 81.06098574671925
}