learning_rate,hidden_channels,final_loss,religion_compliance,ethnicity_compliance,size_accuracy,relative_size_accuracy,overall_accuracy,religion_accuracy_percent,ethnicity_accuracy_percent,size_accuracy_percent,overall_accuracy_percent,training_time_seconds,training_time_str,area_code,num_persons,num_households,num_epochs
0.001,64,3.8617043495178223,0.8460632570659489,0.777086137281292,0.24035493827160495,0.6983129935391241,0.7738207959621217,84.60632570659489,77.70861372812921,69.83129935391241,77.38207959621218,155.80241417884827,0:02:35,E02005951,5944,2592,100
0.001,128,2.882071018218994,0.8603633916554508,0.816621803499327,0.25848765432098764,0.7096195262024407,0.7955349071190728,86.03633916554509,81.6621803499327,70.96195262024408,79.55349071190729,495.6456844806671,0:08:15,E02005951,5944,2592,100
0.0005,64,6.908029079437256,0.78314266487214,0.7378869448183042,0.23032407407407407,0.6774946159368269,0.7328414085424239,78.314266487214,73.78869448183042,67.7494615936827,73.28414085424238,153.68299508094788,0:02:33,E02005951,5944,2592,100
0.0005,128,4.0841546058654785,0.8395020188425303,0.7616083445491252,0.22839506172839505,0.6949030868628858,0.7653378167515138,83.95020188425303,76.16083445491252,69.49030868628859,76.53378167515137,496.90660429000854,0:08:16,E02005951,5944,2592,100
0.0001,64,30.243303298950195,0.46753028263795426,0.5906796769851952,0.2017746913580247,0.6033740129217516,0.5538613241816338,46.75302826379543,59.06796769851952,60.337401292175166,55.38613241816338,161.40473318099976,0:02:41,E02005951,5944,2592,100
0.0001,128,17.180713653564453,0.6241588156123823,0.6731157469717362,0.21373456790123457,0.6107322325915291,0.6360022650585492,62.41588156123823,67.31157469717361,61.07322325915291,63.60022650585492,487.46278405189514,0:08:07,E02005951,5944,2592,100
