learning_rate,hidden_channels,final_loss,religion_compliance,ethnicity_compliance,size_accuracy,overall_accuracy,training_time
0.001,64,3.8617043495178223,0.8460632570659489,0.777086137281292,0.6983129935391241,0.7738207959621217,0:02:35
0.001,128,2.882071018218994,0.8603633916554508,0.816621803499327,0.7096195262024407,0.7955349071190728,0:08:15
0.0005,64,6.908029079437256,0.78314266487214,0.7378869448183042,0.6774946159368269,0.7328414085424239,0:02:33
0.0005,128,4.0841546058654785,0.8395020188425303,0.7616083445491252,0.6949030868628858,0.7653378167515138,0:08:16
0.0001,64,30.243303298950195,0.46753028263795426,0.5906796769851952,0.6033740129217516,0.5538613241816338,0:02:41
0.0001,128,17.180713653564453,0.6241588156123823,0.6731157469717362,0.6107322325915291,0.6360022650585492,0:08:07
