{
    "area_code": "E02005951",
    "num_persons": 5944,
    "num_households": 2592,
    "total_combinations_tested": 1,
    "total_training_time_seconds": 327.63886046409607,
    "total_training_time_str": "0:05:27",
    "num_epochs_per_combination": 200,
    "learning_rates_tested": [
        0.001
    ],
    "hidden_dims_tested": [
        64
    ],
    "best_learning_rate": 0.001,
    "best_hidden_channels": 64,
    "best_loss": 3.591661214828491,
    "best_religion_compliance": 0.8674293405114402,
    "best_ethnicity_compliance": 0.8585127860026918,
    "best_size_accuracy": 0.7058874458874459,
    "best_overall_accuracy": 0.8106098574671926
}