{
    "area_code": "E02005951",
    "num_persons": 5944,
    "num_households": 2592,
    "total_combinations_tested": 6,
    "total_training_time_seconds": 1950.9052152633667,
    "total_training_time_str": "0:32:30",
    "num_epochs_per_combination": 100,
    "learning_rates_tested": [
        0.001,
        0.0005,
        0.0001
    ],
    "hidden_dims_tested": [
        64,
        128
    ],
    "best_learning_rate": 0.001,
    "best_hidden_channels": 128,
    "best_loss": 2.882071018218994,
    "best_religion_compliance": 0.8603633916554508,
    "best_ethnicity_compliance": 0.816621803499327,
    "best_size_accuracy": 0.7096195262024407,
    "best_overall_accuracy": 0.7955349071190728
}