learning_rate,hidden_channels,final_loss,average_accuracy,training_time
0.001,64,1.591741681098938,0.9082440137863159,0:00:39
0.001,128,1.6792136430740356,0.938584049542745,0:00:38
0.001,256,1.6653563976287842,0.9296730359395345,0:00:43
0.0005,64,1.7905480861663818,0.9234572450319926,0:00:39
0.0005,128,1.6440982818603516,0.9062033891677856,0:00:38
0.0005,256,1.717746376991272,0.9401571949323019,0:00:43
0.0001,64,2.5772299766540527,0.8332521915435791,0:00:39
0.0001,128,2.199223279953003,0.8588526844978333,0:00:38
0.0001,256,2.042123794555664,0.8325377106666565,0:00:42
