learning_rate,hidden_channels,final_loss,average_accuracy,training_time
0.001,64,1.8396145105361938,0.8834015528361002,0:00:40
0.001,128,1.949141263961792,0.8849223653475443,0:00:38
0.001,256,1.9378941059112549,0.7218039035797119,0:00:38
0.0005,64,2.19976806640625,0.8095161517461141,0:00:40
0.0005,128,2.0581295490264893,0.835202693939209,0:00:40
0.0005,256,1.9760785102844238,0.8568662802378336,0:00:38
0.0001,64,2.901029109954834,0.7164496779441833,0:00:39
0.0001,128,2.5773818492889404,0.8210155963897705,0:00:39
0.0001,256,2.3433403968811035,0.8206770817438761,0:00:38
