learning_rate,hidden_channels,final_loss,average_accuracy,training_time
0.001,64,1.5231022834777832,0.9534603555997213,0:00:39
0.001,128,1.493077039718628,0.9501014153162638,0:00:38
0.001,256,1.7717130184173584,0.9179389874140421,0:00:37
0.0005,64,1.6883028745651245,0.9226247866948446,0:00:38
0.0005,128,1.5667321681976318,0.922233005364736,0:00:38
0.0005,256,1.700949788093567,0.9160646200180054,0:00:40
0.0001,64,2.5514936447143555,0.8117830157279968,0:00:41
0.0001,128,2.0640640258789062,0.8847171465555826,0:00:38
0.0001,256,1.870284914970398,0.9219113985697428,0:00:38
