learning_rate,hidden_channels,final_loss,average_accuracy,training_time
0.001,64,0.423450767993927,0.9956800043582916,0:00:21
0.001,128,0.39515215158462524,0.9977013170719147,0:00:21
0.001,256,0.42720574140548706,0.9943373799324036,0:00:21
0.0005,64,0.4878648519515991,0.9952394664287567,0:00:21
0.0005,128,0.47923314571380615,0.9946345388889313,0:00:21
0.0005,256,0.5034353733062744,0.9898607134819031,0:00:21
0.0001,64,0.8317170143127441,0.9839881658554077,0:00:21
0.0001,128,0.6947354674339294,0.9842251837253571,0:00:21
0.0001,256,0.6025902032852173,0.9858123064041138,0:00:21
