learning_rate,hidden_channels,final_loss,average_accuracy,training_time
0.001,64,0.40797168016433716,0.996737152338028,0:00:21
0.001,128,0.4065903425216675,0.9948161542415619,0:00:21
0.001,256,0.3969741761684418,0.9963901937007904,0:00:21
0.0005,64,0.4773385524749756,0.995719850063324,0:00:21
0.0005,128,0.4479583203792572,0.9945255517959595,0:00:21
0.0005,256,0.4213176369667053,0.9959413409233093,0:00:21
0.0001,64,0.815513014793396,0.9747442901134491,0:00:21
0.0001,128,0.6646206974983215,0.9779259562492371,0:00:21
0.0001,256,0.6045873761177063,0.9877340197563171,0:00:21
