{
    "learning_rate": 0.001,
    "hidden_channels": 128,
    "religion_compliance": 0.8787234042553191,
    "ethnicity_compliance": 0.8451814768460576,
    "size_accuracy": 0.7301901237718516,
    "overall_accuracy": 0.8180316682910762,
    "best_loss": 2.537936210632324,
    "total_combinations": 6,
    "area_code": "E02005946",
    "religion_accuracy_percent": 87.87234042553192,
    "ethnicity_accuracy_percent": 84.51814768460576,
    "size_accuracy_percent": 73.01901237718515,
    "overall_accuracy_percent": 81.80316682910762,
    "total_training_time": "1:36:13",
    "final_religion_compliance": 0.8787234042553191,
    "final_ethnicity_compliance": 0.8451814768460576,
    "final_size_accuracy": 0.7301901237718516,
    "final_overall_accuracy": 0.8180316682910762,
    "final_religion_accuracy_percent": 87.87234042553192,
    "final_ethnicity_accuracy_percent": 84.51814768460576,
    "final_size_accuracy_percent": 73.01901237718515,
    "final_overall_accuracy_percent": 81.80316682910762
}