{
    "learning_rate": 0.001,
    "hidden_channels": 64,
    "religion_compliance": 0.8851063829787233,
    "ethnicity_compliance": 0.8434292866082603,
    "size_accuracy": 0.7246043899948953,
    "overall_accuracy": 0.8177133531939597,
    "best_loss": 3.0149900913238525,
    "total_combinations": 1,
    "area_code": "E02005946",
    "religion_accuracy_percent": 88.51063829787233,
    "ethnicity_accuracy_percent": 84.34292866082603,
    "size_accuracy_percent": 72.46043899948953,
    "overall_accuracy_percent": 81.77133531939596,
    "total_training_time": "0:23:29",
    "final_religion_compliance": 0.8851063829787233,
    "final_ethnicity_compliance": 0.8434292866082603,
    "final_size_accuracy": 0.7246043899948953,
    "final_overall_accuracy": 0.8177133531939597,
    "final_religion_accuracy_percent": 88.51063829787233,
    "final_ethnicity_accuracy_percent": 84.34292866082603,
    "final_size_accuracy_percent": 72.46043899948953,
    "final_overall_accuracy_percent": 81.77133531939596
}