learning_rate,hidden_channels,final_loss,religion_compliance,ethnicity_compliance,size_accuracy,relative_size_accuracy,overall_accuracy,religion_accuracy_percent,ethnicity_accuracy_percent,size_accuracy_percent,overall_accuracy_percent,training_time_seconds,training_time_str,area_code,num_persons,num_households,num_epochs
0.001,64,3.607936382293701,0.8634543178973717,0.8042553191489362,0.22716273442226256,0.7148781421462294,0.7941959263975124,86.34543178973718,80.42553191489363,71.48781421462293,79.41959263975123,567.2216880321503,0:09:27,E02005946,7990,3306,100
0.001,128,2.537936210632324,0.8787234042553191,0.8451814768460576,0.23442226255293405,0.7301901237718516,0.8180316682910762,87.87234042553192,84.51814768460576,73.01901237718515,81.80316682910762,1374.0092976093292,0:22:54,E02005946,7990,3306,100
0.0005,64,6.888298034667969,0.8113892365456821,0.7821026282853567,0.2238354506957048,0.6940793671047595,0.7625237439785995,81.1389236545682,78.21026282853568,69.40793671047595,76.25237439785994,561.9347326755524,0:09:21,E02005946,7990,3306,100
0.0005,128,3.6822423934936523,0.860450563204005,0.8085106382978723,0.21929824561403508,0.7162817404619115,0.7950809806545962,86.0450563204005,80.85106382978722,71.62817404619115,79.50809806545962,1350.4560327529907,0:22:30,E02005946,7990,3306,100
0.0001,64,27.163921356201172,0.5660826032540676,0.6794743429286608,0.19661222020568664,0.6207094551486538,0.622088800443794,56.608260325406754,67.94743429286608,62.070945514865386,62.2088800443794,563.5998916625977,0:09:23,E02005946,7990,3306,100
0.0001,128,17.780391693115234,0.6653316645807259,0.7451814768460576,0.1733212341197822,0.6273446471864234,0.6792859295377357,66.53316645807259,74.51814768460576,62.734464718642336,67.92859295377357,1355.9727895259857,0:22:35,E02005946,7990,3306,100
