learning_rate,hidden_channels,final_loss,religion_compliance,ethnicity_compliance,size_accuracy,overall_accuracy,training_time
0.001,64,3.607936382293701,0.8634543178973717,0.8042553191489362,0.7148781421462294,0.7941959263975124,0:09:27
0.001,128,2.537936210632324,0.8787234042553191,0.8451814768460576,0.7301901237718516,0.8180316682910762,0:22:54
0.0005,64,6.888298034667969,0.8113892365456821,0.7821026282853567,0.6940793671047595,0.7625237439785995,0:09:21
0.0005,128,3.6822423934936523,0.860450563204005,0.8085106382978723,0.7162817404619115,0.7950809806545962,0:22:30
0.0001,64,27.163921356201172,0.5660826032540676,0.6794743429286608,0.6207094551486538,0.622088800443794,0:09:23
0.0001,128,17.780391693115234,0.6653316645807259,0.7451814768460576,0.6273446471864234,0.6792859295377357,0:22:35
