{
    "area_code": "E02005946",
    "num_persons": 7990,
    "num_households": 3306,
    "total_combinations_tested": 1,
    "total_training_time_seconds": 1409.860745191574,
    "total_training_time_str": "0:23:29",
    "num_epochs_per_combination": 200,
    "learning_rates_tested": [
        0.001
    ],
    "hidden_dims_tested": [
        64
    ],
    "best_learning_rate": 0.001,
    "best_hidden_channels": 64,
    "best_loss": 3.0149900913238525,
    "best_religion_compliance": 0.8851063829787233,
    "best_ethnicity_compliance": 0.8434292866082603,
    "best_size_accuracy": 0.7246043899948953,
    "best_overall_accuracy": 0.8177133531939597
}