learning_rate,hidden_channels,final_loss,average_accuracy,training_time
0.001,64,1.6642982959747314,0.9056527217229208,0:00:39
0.001,128,1.5382795333862305,0.9474599560101827,0:00:38
0.001,256,1.6293795108795166,0.928155779838562,0:00:37
0.0005,64,1.6496171951293945,0.9256807367006937,0:00:39
0.0005,128,1.6521990299224854,0.9120891888936361,0:00:38
0.0005,256,1.7482538223266602,0.7599754929542542,0:00:38
0.0001,64,2.448594093322754,0.8180364370346069,0:00:39
0.0001,128,2.197444200515747,0.7294900019963583,0:00:38
0.0001,256,2.000706672668457,0.8591631452242533,0:00:38
