{
    "learning_rate": 0.001,
    "hidden_channels": 64,
    "religion_compliance": 0.8095303300013693,
    "ethnicity_compliance": 0.7249075722305902,
    "size_accuracy": 0.6936254323834623,
    "overall_accuracy": 0.7426877782051405,
    "best_loss": 4.814852714538574,
    "total_combinations": 1,
    "area_code": "E02005949",
    "religion_accuracy_percent": 80.95303300013693,
    "ethnicity_accuracy_percent": 72.49075722305902,
    "size_accuracy_percent": 69.36254323834623,
    "overall_accuracy_percent": 74.26877782051406,
    "total_training_time": "0:06:48",
    "final_religion_compliance": 0.8095303300013693,
    "final_ethnicity_compliance": 0.7249075722305902,
    "final_size_accuracy": 0.6936254323834623,
    "final_overall_accuracy": 0.7426877782051405,
    "final_religion_accuracy_percent": 80.95303300013693,
    "final_ethnicity_accuracy_percent": 72.49075722305902,
    "final_size_accuracy_percent": 69.36254323834623,
    "final_overall_accuracy_percent": 74.26877782051406
}