{
    "area_code": "E02005949",
    "num_persons": 7303,
    "num_households": 2527,
    "total_combinations_tested": 1,
    "total_training_time_seconds": 408.41381883621216,
    "total_training_time_str": "0:06:48",
    "num_epochs_per_combination": 200,
    "learning_rates_tested": [
        0.001
    ],
    "hidden_dims_tested": [
        64
    ],
    "best_learning_rate": 0.001,
    "best_hidden_channels": 64,
    "best_loss": 4.814852714538574,
    "best_religion_compliance": 0.8095303300013693,
    "best_ethnicity_compliance": 0.7249075722305902,
    "best_size_accuracy": 0.6936254323834623,
    "best_overall_accuracy": 0.7426877782051405
}