{
    "learning_rate": 0.001,
    "hidden_channels": 64,
    "religion_compliance": 0.8579178885630498,
    "ethnicity_compliance": 0.8447214076246334,
    "size_accuracy": 0.6937722118801828,
    "overall_accuracy": 0.7988038360226221,
    "best_loss": 3.2553610801696777,
    "total_combinations": 1,
    "area_code": "E02005948",
    "religion_accuracy_percent": 85.79178885630499,
    "ethnicity_accuracy_percent": 84.47214076246334,
    "size_accuracy_percent": 69.37722118801828,
    "overall_accuracy_percent": 79.8803836022622,
    "total_training_time": "0:06:04",
    "final_religion_compliance": 0.8579178885630498,
    "final_ethnicity_compliance": 0.8447214076246334,
    "final_size_accuracy": 0.6937722118801828,
    "final_overall_accuracy": 0.7988038360226221,
    "final_religion_accuracy_percent": 85.79178885630499,
    "final_ethnicity_accuracy_percent": 84.47214076246334,
    "final_size_accuracy_percent": 69.37722118801828,
    "final_overall_accuracy_percent": 79.8803836022622
}