{
    "learning_rate": 0.001,
    "hidden_channels": 128,
    "religion_compliance": 0.8250733137829912,
    "ethnicity_compliance": 0.8079178885630498,
    "size_accuracy": 0.6647434759453221,
    "overall_accuracy": 0.7659115594304543,
    "best_loss": 3.1710615158081055,
    "total_combinations": 6,
    "area_code": "E02005948",
    "religion_accuracy_percent": 82.50733137829911,
    "ethnicity_accuracy_percent": 80.79178885630498,
    "size_accuracy_percent": 66.47434759453222,
    "overall_accuracy_percent": 76.59115594304544,
    "total_training_time": "1:08:21",
    "final_religion_compliance": 0.8250733137829912,
    "final_ethnicity_compliance": 0.8079178885630498,
    "final_size_accuracy": 0.6647434759453221,
    "final_overall_accuracy": 0.7659115594304543,
    "final_religion_accuracy_percent": 82.50733137829911,
    "final_ethnicity_accuracy_percent": 80.79178885630498,
    "final_size_accuracy_percent": 66.47434759453222,
    "final_overall_accuracy_percent": 76.59115594304544
}