learning_rate,hidden_channels,final_loss,religion_compliance,ethnicity_compliance,size_accuracy,relative_size_accuracy,overall_accuracy,religion_accuracy_percent,ethnicity_accuracy_percent,size_accuracy_percent,overall_accuracy_percent,training_time_seconds,training_time_str,area_code,num_persons,num_households,num_epochs
0.001,64,4.025564193725586,0.8115835777126099,0.770674486803519,0.23844537815126052,0.6638558494585478,0.7487046379915588,81.158357771261,77.0674486803519,66.38558494585479,74.87046379915589,162.0719244480133,0:02:42,E02005948,6820,2856,100
0.001,128,3.1710615158081055,0.8250733137829912,0.8079178885630498,0.23914565826330533,0.6647434759453221,0.7659115594304543,82.50733137829911,80.79178885630498,66.47434759453222,76.59115594304544,714.6354100704193,0:11:54,E02005948,6820,2856,100
0.0005,64,7.332100868225098,0.7758064516129032,0.7227272727272728,0.20973389355742297,0.6200071010118942,0.7061802751173567,77.58064516129032,72.27272727272728,62.00071010118941,70.61802751173568,162.34047198295593,0:02:42,E02005948,6820,2856,100
0.0005,128,4.504364013671875,0.8104105571847507,0.7513196480938417,0.2415966386554622,0.6643884253506125,0.7420395435430683,81.04105571847508,75.13196480938417,66.43884253506126,74.20395435430683,712.3028492927551,0:11:52,E02005948,6820,2856,100
0.0001,64,27.429431915283203,0.48489736070381234,0.5860703812316715,0.20623249299719887,0.5582282975323984,0.5430653464892942,48.489736070381234,58.60703812316716,55.822829753239844,54.306534648929414,160.95862221717834,0:02:40,E02005948,6820,2856,100
0.0001,128,17.509632110595703,0.5784457478005866,0.6577712609970674,0.21953781512605042,0.5765134031599504,0.6042434706525348,57.84457478005866,65.77712609970673,57.651340315995036,60.42434706525348,2188.985489845276,0:36:28,E02005948,6820,2856,100
