learning_rate,hidden_channels,final_loss,religion_compliance,ethnicity_compliance,size_accuracy,overall_accuracy,training_time
0.001,64,4.025564193725586,0.8115835777126099,0.770674486803519,0.6638558494585478,0.7487046379915588,0:02:42
0.001,128,3.1710615158081055,0.8250733137829912,0.8079178885630498,0.6647434759453221,0.7659115594304543,0:11:54
0.0005,64,7.332100868225098,0.7758064516129032,0.7227272727272728,0.6200071010118942,0.7061802751173567,0:02:42
0.0005,128,4.504364013671875,0.8104105571847507,0.7513196480938417,0.6643884253506125,0.7420395435430683,0:11:52
0.0001,64,27.429431915283203,0.48489736070381234,0.5860703812316715,0.5582282975323984,0.5430653464892942,0:02:40
0.0001,128,17.509632110595703,0.5784457478005866,0.6577712609970674,0.5765134031599504,0.6042434706525348,0:36:28
