learning_rate,hidden_channels,final_loss,average_accuracy,training_time
0.001,64,1.6417763233184814,0.9459550976753235,0:00:38
0.001,128,1.5891966819763184,0.9508374929428101,0:00:37
0.001,256,1.6326292753219604,0.9327751398086548,0:00:37
0.0005,64,1.8605608940124512,0.9328730702400208,0:00:38
0.0005,128,1.7048546075820923,0.9384616017341614,0:00:38
0.0005,256,1.7783159017562866,0.9219412207603455,0:00:37
0.0001,64,2.625157594680786,0.8505470752716064,0:00:38
0.0001,128,2.214280605316162,0.8899772961934408,0:00:37
0.0001,256,2.005363702774048,0.8767471114794413,0:00:37
