{
    "learning_rate": 0.001,
    "hidden_channels": 64,
    "religion_compliance": 0.872125265046485,
    "ethnicity_compliance": 0.7915511335834284,
    "size_accuracy": 0.7329182369326561,
    "overall_accuracy": 0.7988648785208565,
    "best_loss": 3.7394561767578125,
    "total_combinations": 1,
    "area_code": "E02005956",
    "religion_accuracy_percent": 87.21252650464851,
    "ethnicity_accuracy_percent": 79.15511335834285,
    "size_accuracy_percent": 73.29182369326561,
    "overall_accuracy_percent": 79.88648785208565,
    "total_training_time": "0:05:55",
    "final_religion_compliance": 0.872125265046485,
    "final_ethnicity_compliance": 0.7915511335834284,
    "final_size_accuracy": 0.7329182369326561,
    "final_overall_accuracy": 0.7988648785208565,
    "final_religion_accuracy_percent": 87.21252650464851,
    "final_ethnicity_accuracy_percent": 79.15511335834285,
    "final_size_accuracy_percent": 73.29182369326561,
    "final_overall_accuracy_percent": 79.88648785208565
}