{
    "learning_rate": 0.001,
    "hidden_channels": 128,
    "religion_compliance": 0.8564671342358506,
    "ethnicity_compliance": 0.7690425705431414,
    "size_accuracy": 0.7321281840591618,
    "overall_accuracy": 0.7858792962793846,
    "best_loss": 3.3079352378845215,
    "total_combinations": 6,
    "area_code": "E02005956",
    "religion_accuracy_percent": 85.64671342358507,
    "ethnicity_accuracy_percent": 76.90425705431414,
    "size_accuracy_percent": 73.21281840591618,
    "overall_accuracy_percent": 78.58792962793845,
    "total_training_time": "0:33:37",
    "final_religion_compliance": 0.8564671342358506,
    "final_ethnicity_compliance": 0.7690425705431414,
    "final_size_accuracy": 0.7321281840591618,
    "final_overall_accuracy": 0.7858792962793846,
    "final_religion_accuracy_percent": 85.64671342358507,
    "final_ethnicity_accuracy_percent": 76.90425705431414,
    "final_size_accuracy_percent": 73.21281840591618,
    "final_overall_accuracy_percent": 78.58792962793845
}