learning_rate,hidden_channels,final_loss,religion_compliance,ethnicity_compliance,size_accuracy,relative_size_accuracy,overall_accuracy,religion_accuracy_percent,ethnicity_accuracy_percent,size_accuracy_percent,overall_accuracy_percent,training_time_seconds,training_time_str,area_code,num_persons,num_households,num_epochs
0.001,64,4.153890132904053,0.849616702006198,0.7568096558473332,0.22677824267782426,0.7317995069843879,0.7794086216126397,84.96167020061979,75.68096558473331,73.17995069843879,77.94086216126396,162.73356771469116,0:02:42,E02005956,6131,2390,100
0.001,128,3.3079352378845215,0.8564671342358506,0.7690425705431414,0.23430962343096234,0.7321281840591618,0.7858792962793846,85.64671342358507,76.90425705431414,73.21281840591618,78.58792962793845,505.5815794467926,0:08:25,E02005956,6131,2390,100
0.0005,64,8.919388771057129,0.7713260479530256,0.7442505300929702,0.20251046025104602,0.69531635168447,0.7369643099101553,77.13260479530256,74.42505300929702,69.531635168447,73.69643099101553,168.35708141326904,0:02:48,E02005956,6131,2390,100
0.0005,128,4.891628265380859,0.8323275159027891,0.7620290327842114,0.2192468619246862,0.7255546425636812,0.7733037304168939,83.23275159027891,76.20290327842115,72.55546425636811,77.3303730416894,511.61370611190796,0:08:31,E02005956,6131,2390,100
0.0001,64,32.10528564453125,0.5782091012885336,0.6003914532702659,0.17196652719665273,0.6126540673788003,0.5970848739792,57.82091012885336,60.03914532702659,61.265406737880035,59.708487397919995,161.3454520702362,0:02:41,E02005956,6131,2390,100
0.0001,128,18.41829490661621,0.70216930353939,0.7088566302397651,0.1694560669456067,0.6087099424815119,0.673245292086889,70.216930353939,70.8856630239765,60.87099424815119,67.3245292086889,508.2789363861084,0:08:28,E02005956,6131,2390,100
