learning_rate,hidden_channels,final_loss,religion_compliance,ethnicity_compliance,size_accuracy,overall_accuracy,training_time
0.001,64,4.153890132904053,0.849616702006198,0.7568096558473332,0.7317995069843879,0.7794086216126397,0:02:42
0.001,128,3.3079352378845215,0.8564671342358506,0.7690425705431414,0.7321281840591618,0.7858792962793846,0:08:25
0.0005,64,8.919388771057129,0.7713260479530256,0.7442505300929702,0.69531635168447,0.7369643099101553,0:02:48
0.0005,128,4.891628265380859,0.8323275159027891,0.7620290327842114,0.7255546425636812,0.7733037304168939,0:08:31
0.0001,64,32.10528564453125,0.5782091012885336,0.6003914532702659,0.6126540673788003,0.5970848739792,0:02:41
0.0001,128,18.41829490661621,0.70216930353939,0.7088566302397651,0.6087099424815119,0.673245292086889,0:08:28
