{
    "area_code": "E02005956",
    "num_persons": 6131,
    "num_households": 2390,
    "total_combinations_tested": 6,
    "total_training_time_seconds": 2017.9103231430054,
    "total_training_time_str": "0:33:37",
    "num_epochs_per_combination": 100,
    "learning_rates_tested": [
        0.001,
        0.0005,
        0.0001
    ],
    "hidden_dims_tested": [
        64,
        128
    ],
    "best_learning_rate": 0.001,
    "best_hidden_channels": 128,
    "best_loss": 3.3079352378845215,
    "best_religion_compliance": 0.8564671342358506,
    "best_ethnicity_compliance": 0.7690425705431414,
    "best_size_accuracy": 0.7321281840591618,
    "best_overall_accuracy": 0.7858792962793846
}