{
    "area_code": "E02005956",
    "num_persons": 6131,
    "num_households": 2390,
    "total_combinations_tested": 1,
    "total_training_time_seconds": 355.84058952331543,
    "total_training_time_str": "0:05:55",
    "num_epochs_per_combination": 200,
    "learning_rates_tested": [
        0.001
    ],
    "hidden_dims_tested": [
        64
    ],
    "best_learning_rate": 0.001,
    "best_hidden_channels": 64,
    "best_loss": 3.7394561767578125,
    "best_religion_compliance": 0.872125265046485,
    "best_ethnicity_compliance": 0.7915511335834284,
    "best_size_accuracy": 0.7329182369326561,
    "best_overall_accuracy": 0.7988648785208565
}