learning_rate,hidden_channels,final_loss,average_accuracy,training_time
0.001,64,0.45558393001556396,0.9953287541866302,0:00:21
0.001,128,0.4579088091850281,0.9963347613811493,0:00:21
0.001,256,0.448659747838974,0.9947628974914551,0:00:21
0.0005,64,0.6221795678138733,0.9850347936153412,0:00:21
0.0005,128,0.5445073843002319,0.9862560927867889,0:00:21
0.0005,256,0.5020041465759277,0.9941600859165192,0:00:21
0.0001,64,0.8657615184783936,0.976146787405014,0:00:21
0.0001,128,0.7745519280433655,0.9882904291152954,0:00:21
0.0001,256,0.7001194357872009,0.9876021146774292,0:00:21
