learning_rate,hidden_channels,final_loss,average_accuracy,training_time
0.001,64,0.4251682162284851,0.995945394039154,0:00:21
0.001,128,0.4620644152164459,0.9945041835308075,0:00:21
0.001,256,0.4831676483154297,0.995166689157486,0:00:21
0.0005,64,0.568248987197876,0.9919977188110352,0:00:21
0.0005,128,0.4975542724132538,0.994083821773529,0:00:21
0.0005,256,0.48013627529144287,0.9965006709098816,0:00:21
0.0001,64,0.8627502918243408,0.9798083901405334,0:00:21
0.0001,128,0.7697606086730957,0.9723052978515625,0:00:21
0.0001,256,0.687651515007019,0.9776760935783386,0:00:21
