learning_rate,hidden_channels,final_loss,average_accuracy,training_time
0.001,64,0.4375285506248474,0.9961993396282196,0:00:21
0.001,128,0.42971599102020264,0.9951224327087402,0:00:21
0.001,256,0.4773857891559601,0.9932373464107513,0:00:21
0.0005,64,0.4805859327316284,0.9942097067832947,0:00:21
0.0005,128,0.4951612651348114,0.9931495189666748,0:00:21
0.0005,256,0.4960329830646515,0.9951189756393433,0:00:21
0.0001,64,0.825997531414032,0.9858105182647705,0:00:21
0.0001,128,0.7093066573143005,0.9890302419662476,0:00:21
0.0001,256,0.6811092495918274,0.9887044131755829,0:00:21
