learning_rate,hidden_channels,final_loss,average_accuracy,training_time
0.001,64,1.4859366416931152,0.9422580798467001,0:00:38
0.001,128,1.4598947763442993,0.924198587735494,0:00:38
0.001,256,1.448223352432251,0.9291364153226217,0:00:39
0.0005,64,1.7201318740844727,0.9326527118682861,0:00:38
0.0005,128,1.5469539165496826,0.9332127571105957,0:00:38
0.0005,256,1.5904804468154907,0.9186440706253052,0:00:40
0.0001,64,2.1176583766937256,0.8966727256774902,0:00:39
0.0001,128,1.9718480110168457,0.9115260442097982,0:00:39
0.0001,256,1.8397985696792603,0.8732615311940511,0:00:39
