learning_rate,hidden_channels,final_loss,average_accuracy,training_time
0.001,64,0.45014888048171997,0.9920527637004852,0:00:22
0.001,128,0.47469761967658997,0.9907019734382629,0:00:21
0.001,256,0.45083075761795044,0.9952692985534668,0:00:21
0.0005,64,0.5239105224609375,0.991678774356842,0:00:21
0.0005,128,0.5427402257919312,0.9935159683227539,0:00:21
0.0005,256,0.49783051013946533,0.8732517659664154,0:00:21
0.0001,64,0.8401743173599243,0.9780192971229553,0:00:21
0.0001,128,0.7518536448478699,0.9875375628471375,0:00:21
0.0001,256,0.6879575252532959,0.9812932908535004,0:00:21
