learning_rate,hidden_channels,final_loss,average_accuracy,training_time
0.001,64,1.6262600421905518,0.9367122054100037,0:00:38
0.001,128,1.5675015449523926,0.9138624668121338,0:00:37
0.001,256,1.5694365501403809,0.9415275851885477,0:00:36
0.0005,64,1.7690036296844482,0.9185054500897726,0:00:38
0.0005,128,1.710613489151001,0.9293484886487325,0:00:37
0.0005,256,1.6631025075912476,0.9452623724937439,0:00:36
0.0001,64,2.5057265758514404,0.8833528359731039,0:00:38
0.0001,128,2.1734979152679443,0.8863459229469299,0:00:37
0.0001,256,1.9249614477157593,0.8791486024856567,0:00:36
