{
    "learning_rate": 0.001,
    "hidden_channels": 64,
    "religion_compliance": 0.8953290146607569,
    "ethnicity_compliance": 0.9009546539379475,
    "size_distribution_accuracy": 0.7113696336746216,
    "overall_accuracy": 0.8358844340911086,
    "best_loss": 2.6200501918792725,
    "total_combinations": 1,
    "area_code": "E02005940",
    "religion_accuracy_percent": 89.53290146607569,
    "ethnicity_accuracy_percent": 90.09546539379475,
    "size_distribution_accuracy_percent": 71.13696336746216,
    "overall_accuracy_percent": 83.58844340911085,
    "total_training_time": "0:05:28",
    "final_religion_compliance": 0.8953290146607569,
    "final_ethnicity_compliance": 0.9009546539379475,
    "final_size_distribution_accuracy": 0.7113696336746216,
    "final_overall_accuracy": 0.8358844340911086,
    "final_religion_accuracy_percent": 89.53290146607569,
    "final_ethnicity_accuracy_percent": 90.09546539379475,
    "final_size_distribution_accuracy_percent": 71.13696336746216,
    "final_overall_accuracy_percent": 83.58844340911085
}