{
    "learning_rate": 0.001,
    "hidden_channels": 128,
    "religion_compliance": 0.8782816229116945,
    "ethnicity_compliance": 0.8944766450733038,
    "size_accuracy": 0.7155336446981491,
    "overall_accuracy": 0.8294306375610491,
    "best_loss": 2.2116827964782715,
    "total_combinations": 6,
    "area_code": "E02005940",
    "religion_accuracy_percent": 87.82816229116945,
    "ethnicity_accuracy_percent": 89.44766450733039,
    "size_accuracy_percent": 71.55336446981491,
    "overall_accuracy_percent": 82.9430637561049,
    "total_training_time": "0:37:31",
    "final_religion_compliance": 0.8782816229116945,
    "final_ethnicity_compliance": 0.8944766450733038,
    "final_size_accuracy": 0.7155336446981491,
    "final_overall_accuracy": 0.8294306375610491,
    "final_religion_accuracy_percent": 87.82816229116945,
    "final_ethnicity_accuracy_percent": 89.44766450733039,
    "final_size_accuracy_percent": 71.55336446981491,
    "final_overall_accuracy_percent": 82.9430637561049
}