learning_rate,hidden_channels,final_loss,religion_compliance,ethnicity_compliance,size_accuracy,relative_size_accuracy,overall_accuracy,religion_accuracy_percent,ethnicity_accuracy_percent,size_accuracy_percent,overall_accuracy_percent,training_time_seconds,training_time_str,area_code,num_persons,num_households,num_epochs
0.001,64,3.117377758026123,0.8692465052846915,0.8433344698261166,0.2375626687234863,0.7106901920083031,0.8077570557063704,86.92465052846914,84.33344698261166,71.06901920083031,80.77570557063703,155.18646883964539,0:02:35,E02005940,5866,2593,100
0.001,128,2.2116827964782715,0.8782816229116945,0.8944766450733038,0.24681835711531044,0.7155336446981491,0.8294306375610491,87.82816229116945,89.44766450733039,71.55336446981491,82.9430637561049,602.910810470581,0:10:02,E02005940,5866,2593,100
0.0005,64,5.679823875427246,0.8307193999318104,0.8145243777702011,0.21905129193983802,0.695294931672721,0.7801795697915775,83.07193999318105,81.45243777702011,69.52949316727211,78.01795697915776,152.93413090705872,0:02:32,E02005940,5866,2593,100
0.0005,128,2.9303247928619385,0.8670303443573133,0.8469144220934197,0.239105283455457,0.7131119183532261,0.8090188949346531,86.70303443573133,84.69144220934197,71.3111918353226,80.9018894934653,595.0822675228119,0:09:55,E02005940,5866,2593,100
0.0001,64,22.957138061523438,0.5051142175247187,0.7275826798499829,0.20169687620516777,0.6385573430202387,0.6237514134649801,50.511421752471875,72.7582679849983,63.85573430202387,62.37514134649801,153.83302068710327,0:02:33,E02005940,5866,2593,100
0.0001,128,16.990060806274414,0.6050119331742243,0.7671326287078077,0.20979560354801388,0.6494551115723923,0.6738665578181414,60.501193317422434,76.71326287078077,64.94551115723924,67.38665578181414,591.4717514514923,0:09:51,E02005940,5866,2593,100
