learning_rate,hidden_channels,final_loss,religion_compliance,ethnicity_compliance,size_accuracy,overall_accuracy,training_time
0.001,64,3.117377758026123,0.8692465052846915,0.8433344698261166,0.7106901920083031,0.8077570557063704,0:02:35
0.001,128,2.2116827964782715,0.8782816229116945,0.8944766450733038,0.7155336446981491,0.8294306375610491,0:10:02
0.0005,64,5.679823875427246,0.8307193999318104,0.8145243777702011,0.695294931672721,0.7801795697915775,0:02:32
0.0005,128,2.9303247928619385,0.8670303443573133,0.8469144220934197,0.7131119183532261,0.8090188949346531,0:09:55
0.0001,64,22.957138061523438,0.5051142175247187,0.7275826798499829,0.6385573430202387,0.6237514134649801,0:02:33
0.0001,128,16.990060806274414,0.6050119331742243,0.7671326287078077,0.6494551115723923,0.6738665578181414,0:09:51
