{
    "area_code": "E02005940",
    "num_persons": 5866,
    "num_households": 2593,
    "total_combinations_tested": 1,
    "total_training_time_seconds": 328.3855926990509,
    "total_training_time_str": "0:05:28",
    "num_epochs_per_combination": 200,
    "learning_rates_tested": [
        0.001
    ],
    "hidden_dims_tested": [
        64
    ],
    "best_learning_rate": 0.001,
    "best_hidden_channels": 64,
    "best_loss": 2.6200501918792725,
    "best_religion_compliance": 0.8953290146607569,
    "best_ethnicity_compliance": 0.9009546539379475,
    "best_size_distribution_accuracy": 0.7113696336746216,
    "best_overall_accuracy": 0.8358844340911086
}