{
    "area_code": "E02005940",
    "num_persons": 5866,
    "num_households": 2593,
    "total_combinations_tested": 6,
    "total_training_time_seconds": 2251.421576023102,
    "total_training_time_str": "0:37:31",
    "num_epochs_per_combination": 100,
    "learning_rates_tested": [
        0.001,
        0.0005,
        0.0001
    ],
    "hidden_dims_tested": [
        64,
        128
    ],
    "best_learning_rate": 0.001,
    "best_hidden_channels": 128,
    "best_loss": 2.2116827964782715,
    "best_religion_compliance": 0.8782816229116945,
    "best_ethnicity_compliance": 0.8944766450733038,
    "best_size_accuracy": 0.7155336446981491,
    "best_overall_accuracy": 0.8294306375610491
}