learning_rate,hidden_channels,final_loss,average_accuracy,training_time
0.001,64,0.43270641565322876,0.996353805065155,0:00:21
0.001,128,0.4355701208114624,0.9960178732872009,0:00:21
0.001,256,0.4132455885410309,0.9962478876113892,0:00:21
0.0005,64,0.5228127837181091,0.973440408706665,0:00:21
0.0005,128,0.5355575680732727,0.9940469861030579,0:00:21
0.0005,256,0.4910680651664734,0.993757039308548,0:00:21
0.0001,64,0.7696746587753296,0.9893148243427277,0:00:21
0.0001,128,0.7740465402603149,0.987211287021637,0:00:21
0.0001,256,0.6955951452255249,0.9843691885471344,0:00:21
