learning_rate,hidden_channels,final_loss,average_accuracy,training_time
0.001,64,0.4230865240097046,0.9909340143203735,0:00:21
0.001,128,0.4715728163719177,0.995856523513794,0:00:21
0.001,256,0.4418017864227295,0.9967940449714661,0:00:21
0.0005,64,0.5564451217651367,0.994283527135849,0:00:21
0.0005,128,0.48977285623550415,0.9957753419876099,0:00:21
0.0005,256,0.5385521650314331,0.9846031963825226,0:00:21
0.0001,64,0.8477064371109009,0.978047788143158,0:00:21
0.0001,128,0.7018338441848755,0.987170398235321,0:00:21
0.0001,256,0.6441309452056885,0.968307226896286,0:00:21
