learning_rate,hidden_channels,final_loss,average_accuracy,training_time
0.001,64,0.42281782627105713,0.996572345495224,0:00:22
0.001,128,0.39417538046836853,0.9972338080406189,0:00:21
0.001,256,0.43312230706214905,0.9955784380435944,0:00:21
0.0005,64,0.5014840960502625,0.9942671954631805,0:00:21
0.0005,128,0.4501853287220001,0.9868552982807159,0:00:21
0.0005,256,0.44663190841674805,0.995786190032959,0:00:21
0.0001,64,0.8034639358520508,0.9801405966281891,0:00:21
0.0001,128,0.6666598916053772,0.985337108373642,0:00:21
0.0001,256,0.6236500144004822,0.9891387522220612,0:00:21
