learning_rate,hidden_channels,final_loss,average_accuracy,training_time
0.001,64,1.7030421495437622,0.9018738468488058,0:00:39
0.001,128,1.7679316997528076,0.901146650314331,0:00:38
0.001,256,1.7805676460266113,0.8967480460802714,0:00:42
0.0005,64,1.8204834461212158,0.8898190061251322,0:00:38
0.0005,128,1.8498200178146362,0.8910292387008667,0:00:38
0.0005,256,1.9193992614746094,0.8721901178359985,0:00:42
0.0001,64,2.6648383140563965,0.8258542815844218,0:00:38
0.0001,128,2.2923412322998047,0.7767366766929626,0:00:38
0.0001,256,2.143824577331543,0.8734703660011292,0:00:42
