learning_rate,hidden_channels,final_loss,average_accuracy,training_time
0.001,64,1.5000996589660645,0.9467448790868124,0:00:38
0.001,128,1.4266908168792725,0.9672058820724487,0:00:38
0.001,256,1.556093454360962,0.9386000235875448,0:00:37
0.0005,64,1.5556423664093018,0.95474241177241,0:00:38
0.0005,128,1.5902411937713623,0.9477488795916239,0:00:38
0.0005,256,1.4607186317443848,0.9611712495485941,0:00:37
0.0001,64,2.277599334716797,0.8985392252604166,0:00:38
0.0001,128,1.9901845455169678,0.929535965124766,0:00:38
0.0001,256,1.793752670288086,0.9240330656369528,0:00:37
