learning_rate,hidden_channels,final_loss,average_accuracy,training_time
0.001,64,1.5587961673736572,0.9800011316935221,0:00:40
0.001,128,1.5591679811477661,0.9721184372901917,0:00:39
0.001,256,1.6128194332122803,0.9676390488942465,0:00:47
0.0005,64,1.6370329856872559,0.9706220626831055,0:00:39
0.0005,128,1.5843541622161865,0.976568599541982,0:00:39
0.0005,256,1.6883423328399658,0.9749634067217509,0:00:47
0.0001,64,2.3137385845184326,0.9577097098032633,0:00:39
0.0001,128,1.9989287853240967,0.9483009974161783,0:00:39
0.0001,256,1.8945420980453491,0.9667390584945679,0:00:47
