learning_rate,hidden_channels,final_loss,average_accuracy,training_time
0.001,64,1.7400848865509033,0.9090907573699951,0:00:39
0.001,128,1.7475957870483398,0.8580323060353597,0:00:38
0.001,256,1.7371424436569214,0.8861165642738342,0:00:37
0.0005,64,1.8795818090438843,0.889844278494517,0:00:38
0.0005,128,1.7438485622406006,0.8920627435048422,0:00:38
0.0005,256,1.8381469249725342,0.9064042965571085,0:00:37
0.0001,64,2.7426390647888184,0.6575596531232198,0:00:38
0.0001,128,2.2543249130249023,0.8494338790575663,0:00:38
0.0001,256,2.125703811645508,0.8146292368570963,0:00:37
