{
    "learning_rate": 0.001,
    "hidden_channels": 64,
    "religion_compliance": 0.888334026910806,
    "ethnicity_compliance": 0.8974892495491746,
    "size_accuracy": 0.6916267942583731,
    "overall_accuracy": 0.8258166902394514,
    "best_loss": 3.17348051071167,
    "total_combinations": 1,
    "area_code": "E02005941",
    "religion_accuracy_percent": 88.8334026910806,
    "ethnicity_accuracy_percent": 89.74892495491747,
    "size_accuracy_percent": 69.16267942583731,
    "overall_accuracy_percent": 82.58166902394514,
    "total_training_time": "0:25:13",
    "final_religion_compliance": 0.888334026910806,
    "final_ethnicity_compliance": 0.8974892495491746,
    "final_size_accuracy": 0.6916267942583731,
    "final_overall_accuracy": 0.8258166902394514,
    "final_religion_accuracy_percent": 88.8334026910806,
    "final_ethnicity_accuracy_percent": 89.74892495491747,
    "final_size_accuracy_percent": 69.16267942583731,
    "final_overall_accuracy_percent": 82.58166902394514
}