{
    "learning_rate": 0.001,
    "hidden_channels": 128,
    "religion_compliance": 0.842280482729921,
    "ethnicity_compliance": 0.8195311416285199,
    "size_accuracy": 0.6971475142624287,
    "overall_accuracy": 0.7863197128736231,
    "best_loss": 3.155648708343506,
    "total_combinations": 6,
    "area_code": "E02005941",
    "religion_accuracy_percent": 84.2280482729921,
    "ethnicity_accuracy_percent": 81.95311416285199,
    "size_accuracy_percent": 69.71475142624287,
    "overall_accuracy_percent": 78.63197128736232,
    "total_training_time": "1:05:56",
    "final_religion_compliance": 0.842280482729921,
    "final_ethnicity_compliance": 0.8195311416285199,
    "final_size_accuracy": 0.6971475142624287,
    "final_overall_accuracy": 0.7863197128736231,
    "final_religion_accuracy_percent": 84.2280482729921,
    "final_ethnicity_accuracy_percent": 81.95311416285199,
    "final_size_accuracy_percent": 69.71475142624287,
    "final_overall_accuracy_percent": 78.63197128736232
}