learning_rate,hidden_channels,final_loss,religion_compliance,ethnicity_compliance,size_accuracy,relative_size_accuracy,overall_accuracy,religion_accuracy_percent,ethnicity_accuracy_percent,size_accuracy_percent,overall_accuracy_percent,training_time_seconds,training_time_str,area_code,num_persons,num_households,num_epochs
0.001,64,3.9509782791137695,0.8257733388819531,0.7971979470106811,0.2328042328042328,0.6839445802770986,0.7689719553899109,82.57733388819531,79.71979470106811,68.39445802770986,76.8971955389911,315.34373807907104,0:05:15,E02005941,7209,2835,100
0.001,128,3.155648708343506,0.842280482729921,0.8195311416285199,0.26278659611992944,0.6971475142624287,0.7863197128736231,84.2280482729921,81.95311416285199,69.71475142624287,78.63197128736232,1027.0133810043335,0:17:07,E02005941,7209,2835,100
0.0005,64,8.849539756774902,0.7544735746982938,0.761825495907893,0.22962962962962963,0.6555827220863896,0.7239605975641922,75.44735746982938,76.18254959078929,65.55827220863895,72.39605975641922,315.8514733314514,0:05:15,E02005941,7209,2835,100
0.0005,128,4.278919219970703,0.8248023304203079,0.7922041892079346,0.22328042328042327,0.6811735941320294,0.7660600379200906,82.48023304203079,79.22041892079346,68.11735941320293,76.60600379200906,1003.0534267425537,0:16:43,E02005941,7209,2835,100
0.0001,64,29.508960723876953,0.4723262588431128,0.6536274101817173,0.18589065255731924,0.5688671556642217,0.5649402748963507,47.23262588431128,65.36274101817173,56.886715566422176,56.494027489635066,318.6784951686859,0:05:18,E02005941,7209,2835,100
0.0001,128,20.508970260620117,0.5925925925925926,0.6976002219447912,0.2052910052910053,0.6060309698451507,0.6320745947941782,59.25925925925925,69.76002219447912,60.60309698451507,63.207459479417814,976.1478259563446,0:16:16,E02005941,7209,2835,100
