learning_rate,hidden_channels,final_loss,religion_compliance,ethnicity_compliance,size_accuracy,overall_accuracy,training_time
0.001,64,3.9509782791137695,0.8257733388819531,0.7971979470106811,0.6839445802770986,0.7689719553899109,0:05:15
0.001,128,3.155648708343506,0.842280482729921,0.8195311416285199,0.6971475142624287,0.7863197128736231,0:17:07
0.0005,64,8.849539756774902,0.7544735746982938,0.761825495907893,0.6555827220863896,0.7239605975641922,0:05:15
0.0005,128,4.278919219970703,0.8248023304203079,0.7922041892079346,0.6811735941320294,0.7660600379200906,0:16:43
0.0001,64,29.508960723876953,0.4723262588431128,0.6536274101817173,0.5688671556642217,0.5649402748963507,0:05:18
0.0001,128,20.508970260620117,0.5925925925925926,0.6976002219447912,0.6060309698451507,0.6320745947941782,0:16:16
