{
    "area_code": "E02005941",
    "num_persons": 7209,
    "num_households": 2835,
    "total_combinations_tested": 6,
    "total_training_time_seconds": 3956.0898451805115,
    "total_training_time_str": "1:05:56",
    "num_epochs_per_combination": 100,
    "learning_rates_tested": [
        0.001,
        0.0005,
        0.0001
    ],
    "hidden_dims_tested": [
        64,
        128
    ],
    "best_learning_rate": 0.001,
    "best_hidden_channels": 128,
    "best_loss": 3.155648708343506,
    "best_religion_compliance": 0.842280482729921,
    "best_ethnicity_compliance": 0.8195311416285199,
    "best_size_accuracy": 0.6971475142624287,
    "best_overall_accuracy": 0.7863197128736231
}