learning_rate,hidden_channels,final_loss,average_accuracy,training_time
0.001,64,0.47380346059799194,0.9948970675468445,0:00:21
0.001,128,0.4587380886077881,0.9949779808521271,0:00:21
0.001,256,0.46479812264442444,0.9948255121707916,0:00:21
0.0005,64,0.5431281924247742,0.9913098216056824,0:00:21
0.0005,128,0.5850113034248352,0.9897203147411346,0:00:21
0.0005,256,0.5527443885803223,0.9909114241600037,0:00:21
0.0001,64,0.984549880027771,0.9583987891674042,0:00:21
0.0001,128,0.7989401817321777,0.982206791639328,0:00:21
0.0001,256,0.7430724501609802,0.9668425619602203,0:00:21
