learning_rate,hidden_channels,final_loss,average_accuracy,training_time
0.001,64,0.4812934398651123,0.9945361316204071,0:00:22
0.001,128,0.4151442050933838,0.996190071105957,0:00:21
0.001,256,0.4082791805267334,0.9963405430316925,0:00:21
0.0005,64,0.4922073483467102,0.9930291175842285,0:00:21
0.0005,128,0.5064303278923035,0.9921784698963165,0:00:21
0.0005,256,0.45443087816238403,0.9806704223155975,0:00:21
0.0001,64,0.8084485530853271,0.9850632846355438,0:00:21
0.0001,128,0.7054687738418579,0.989625483751297,0:00:21
0.0001,256,0.6489959359169006,0.9871764183044434,0:00:21
