{
    "learning_rate": 0.001,
    "hidden_channels": 128,
    "religion_compliance": 0.8524444444444444,
    "ethnicity_compliance": 0.8226666666666667,
    "size_accuracy": 0.6793647879566733,
    "overall_accuracy": 0.7848252996892615,
    "best_loss": 3.4956934452056885,
    "total_combinations": 6,
    "area_code": "E02005942",
    "religion_accuracy_percent": 85.24444444444444,
    "ethnicity_accuracy_percent": 82.26666666666667,
    "size_accuracy_percent": 67.93647879566733,
    "overall_accuracy_percent": 78.48252996892614,
    "total_training_time": "0:45:48",
    "final_religion_compliance": 0.8524444444444444,
    "final_ethnicity_compliance": 0.8226666666666667,
    "final_size_accuracy": 0.6793647879566733,
    "final_overall_accuracy": 0.7848252996892615,
    "final_religion_accuracy_percent": 85.24444444444444,
    "final_ethnicity_accuracy_percent": 82.26666666666667,
    "final_size_accuracy_percent": 67.93647879566733,
    "final_overall_accuracy_percent": 78.48252996892614
}