{
    "learning_rate": 0.001,
    "hidden_channels": 64,
    "religion_compliance": 0.8711111111111111,
    "ethnicity_compliance": 0.856,
    "size_accuracy": 0.6936247723132969,
    "overall_accuracy": 0.8069119611414693,
    "best_loss": 3.6047701835632324,
    "total_combinations": 1,
    "area_code": "E02005942",
    "religion_accuracy_percent": 87.1111111111111,
    "ethnicity_accuracy_percent": 85.6,
    "size_accuracy_percent": 69.36247723132969,
    "overall_accuracy_percent": 80.69119611414693,
    "total_training_time": "0:07:03",
    "final_religion_compliance": 0.8711111111111111,
    "final_ethnicity_compliance": 0.856,
    "final_size_accuracy": 0.6936247723132969,
    "final_overall_accuracy": 0.8069119611414693,
    "final_religion_accuracy_percent": 87.1111111111111,
    "final_ethnicity_accuracy_percent": 85.6,
    "final_size_accuracy_percent": 69.36247723132969,
    "final_overall_accuracy_percent": 80.69119611414693
}