learning_rate,hidden_channels,final_loss,religion_compliance,ethnicity_compliance,size_accuracy,relative_size_accuracy,overall_accuracy,religion_accuracy_percent,ethnicity_accuracy_percent,size_accuracy_percent,overall_accuracy_percent,training_time_seconds,training_time_str,area_code,num_persons,num_households,num_epochs
0.001,64,4.282602787017822,0.8428148148148148,0.7828148148148149,0.2323026851098454,0.6797319625481917,0.7684538640592739,84.28148148148148,78.28148148148148,67.97319625481917,76.84538640592739,160.41401481628418,0:02:40,E02005942,6750,2458,100
0.001,128,3.4956934452056885,0.8524444444444444,0.8226666666666667,0.23881204231082181,0.6793647879566733,0.7848252996892615,85.24444444444444,82.26666666666667,67.93647879566733,78.48252996892614,758.2016372680664,0:12:38,E02005942,6750,2458,100
0.0005,64,7.218249320983887,0.7872592592592592,0.7594074074074074,0.23637103336045565,0.6723884707178263,0.7396850457948311,78.72592592592592,75.94074074074074,67.23884707178263,73.96850457948311,159.27264404296875,0:02:39,E02005942,6750,2458,100
0.0005,128,4.388772010803223,0.8397037037037037,0.7794074074074074,0.22538649308380798,0.6701854231687168,0.7630988447599426,83.97037037037038,77.94074074074075,67.01854231687167,76.30988447599427,754.8064248561859,0:12:34,E02005942,6750,2458,100
0.0001,64,28.118873596191406,0.47214814814814815,0.6183703703703703,0.193653376729048,0.5910592986965302,0.5605259390716829,47.214814814814815,61.837037037037035,59.10592986965302,56.052593907168294,161.5488941669464,0:02:41,E02005942,6750,2458,100
0.0001,128,19.411788940429688,0.585037037037037,0.6691851851851852,0.20382424735557364,0.6090508536809253,0.6210910253010492,58.5037037037037,66.91851851851852,60.90508536809253,62.10910253010492,754.3966727256775,0:12:34,E02005942,6750,2458,100
