learning_rate,hidden_channels,final_loss,religion_compliance,ethnicity_compliance,size_accuracy,overall_accuracy,training_time
0.001,64,4.282602787017822,0.8428148148148148,0.7828148148148149,0.6797319625481917,0.7684538640592739,0:02:40
0.001,128,3.4956934452056885,0.8524444444444444,0.8226666666666667,0.6793647879566733,0.7848252996892615,0:12:38
0.0005,64,7.218249320983887,0.7872592592592592,0.7594074074074074,0.6723884707178263,0.7396850457948311,0:02:39
0.0005,128,4.388772010803223,0.8397037037037037,0.7794074074074074,0.6701854231687168,0.7630988447599426,0:12:34
0.0001,64,28.118873596191406,0.47214814814814815,0.6183703703703703,0.5910592986965302,0.5605259390716829,0:02:41
0.0001,128,19.411788940429688,0.585037037037037,0.6691851851851852,0.6090508536809253,0.6210910253010492,0:12:34
