{
    "area_code": "E02005942",
    "num_persons": 6750,
    "num_households": 2458,
    "total_combinations_tested": 6,
    "total_training_time_seconds": 2748.646140575409,
    "total_training_time_str": "0:45:48",
    "num_epochs_per_combination": 100,
    "learning_rates_tested": [
        0.001,
        0.0005,
        0.0001
    ],
    "hidden_dims_tested": [
        64,
        128
    ],
    "best_learning_rate": 0.001,
    "best_hidden_channels": 128,
    "best_loss": 3.4956934452056885,
    "best_religion_compliance": 0.8524444444444444,
    "best_ethnicity_compliance": 0.8226666666666667,
    "best_size_accuracy": 0.6793647879566733,
    "best_overall_accuracy": 0.7848252996892615
}