learning_rate,hidden_channels,final_loss,average_accuracy,training_time
0.001,64,1.6527094841003418,0.9107084274291992,0:00:41
0.001,128,1.5457110404968262,0.9315673510233561,0:00:40
0.001,256,1.6802877187728882,0.8870544830958048,0:00:38
0.0005,64,1.7856478691101074,0.8696286876996359,0:00:39
0.0005,128,1.7019968032836914,0.871908982594808,0:00:39
0.0005,256,1.7953851222991943,0.8693878650665283,0:00:37
0.0001,64,2.591374397277832,0.8312130371729533,0:00:39
0.0001,128,2.213229179382324,0.7833951910336813,0:00:38
0.0001,256,1.9818247556686401,0.85756915807724,0:00:37
