learning_rate,hidden_channels,final_loss,average_accuracy,training_time
0.001,64,1.3250633478164673,0.9893288215001425,0:00:40
0.001,128,1.3246817588806152,0.9870166778564453,0:00:43
0.001,256,1.3054509162902832,0.9901302258173624,0:01:04
0.0005,64,1.3919188976287842,0.9894501765569051,0:00:40
0.0005,128,1.3618395328521729,0.9879700342814127,0:00:43
0.0005,256,1.384331464767456,0.9863672455151876,0:01:03
0.0001,64,1.8256577253341675,0.9710242946942648,0:00:40
0.0001,128,1.6524279117584229,0.9834821422894796,0:00:43
0.0001,256,1.5600236654281616,0.9877302646636963,0:01:04
