{
    "learning_rate": 0.001,
    "hidden_channels": 128,
    "religion_compliance": 0.8392714491132769,
    "ethnicity_compliance": 0.8041220642275124,
    "size_accuracy": 0.7243874362769281,
    "overall_accuracy": 0.7892603165392392,
    "best_loss": 3.061295747756958,
    "total_combinations": 6,
    "area_code": "E02005943",
    "religion_accuracy_percent": 83.92714491132769,
    "ethnicity_accuracy_percent": 80.41220642275124,
    "size_accuracy_percent": 72.43874362769282,
    "overall_accuracy_percent": 78.92603165392393,
    "total_training_time": "0:36:04",
    "final_religion_compliance": 0.8392714491132769,
    "final_ethnicity_compliance": 0.8041220642275124,
    "final_size_accuracy": 0.7243874362769281,
    "final_overall_accuracy": 0.7892603165392392,
    "final_religion_accuracy_percent": 83.92714491132769,
    "final_ethnicity_accuracy_percent": 80.41220642275124,
    "final_size_accuracy_percent": 72.43874362769282,
    "final_overall_accuracy_percent": 78.92603165392393
}