{
    "learning_rate": 0.001,
    "hidden_channels": 64,
    "religion_compliance": 0.857165681418757,
    "ethnicity_compliance": 0.843585237258348,
    "size_accuracy": 0.7299103504482478,
    "overall_accuracy": 0.8102204230417843,
    "best_loss": 3.2961230278015137,
    "total_combinations": 1,
    "area_code": "E02005943",
    "religion_accuracy_percent": 85.7165681418757,
    "ethnicity_accuracy_percent": 84.3585237258348,
    "size_accuracy_percent": 72.99103504482478,
    "overall_accuracy_percent": 81.02204230417843,
    "total_training_time": "0:06:40",
    "final_religion_compliance": 0.857165681418757,
    "final_ethnicity_compliance": 0.843585237258348,
    "final_size_accuracy": 0.7299103504482478,
    "final_overall_accuracy": 0.8102204230417843,
    "final_religion_accuracy_percent": 85.7165681418757,
    "final_ethnicity_accuracy_percent": 84.3585237258348,
    "final_size_accuracy_percent": 72.99103504482478,
    "final_overall_accuracy_percent": 81.02204230417843
}