learning_rate,hidden_channels,final_loss,religion_compliance,ethnicity_compliance,size_accuracy,relative_size_accuracy,overall_accuracy,religion_accuracy_percent,ethnicity_accuracy_percent,size_accuracy_percent,overall_accuracy_percent,training_time_seconds,training_time_str,area_code,num_persons,num_households,num_epochs
0.001,64,4.075400352478027,0.8290461735101454,0.7865473717846301,0.23012718600953896,0.7250452228251932,0.7802129227066562,82.90461735101454,78.65473717846301,72.50452228251932,78.02129227066563,145.45519638061523,0:02:25,E02005943,6259,2516,100
0.001,128,3.061295747756958,0.8392714491132769,0.8041220642275124,0.2368839427662957,0.7243874362769281,0.7892603165392392,83.92714491132769,80.41220642275124,72.43874362769282,78.92603165392393,578.817640542984,0:09:38,E02005943,6259,2516,100
0.0005,64,7.606869697570801,0.764019811471481,0.7643393513340789,0.23767885532591415,0.7148495313270844,0.7477362313775481,76.4019811471481,76.4339351334079,71.48495313270844,74.77362313775481,141.6615252494812,0:02:21,E02005943,6259,2516,100
0.0005,128,3.946439266204834,0.8279277839910529,0.7988496564946477,0.2269475357710652,0.7258674560105246,0.7842149654987417,82.79277839910529,79.88496564946476,72.58674560105246,78.42149654987416,575.8404455184937,0:09:35,E02005943,6259,2516,100
0.0001,64,25.730295181274414,0.5691004952867871,0.6619268253714651,0.19038155802861687,0.6359151455352738,0.622314155397842,56.910049528678705,66.19268253714651,63.59151455352738,62.231415539784194,142.67293190956116,0:02:22,E02005943,6259,2516,100
0.0001,128,17.07851219177246,0.6561751078447037,0.7156095222879054,0.1820349761526232,0.6313106396974182,0.6676984232766757,65.61751078447037,71.56095222879054,63.13106396974182,66.76984232766758,580.4326422214508,0:09:40,E02005943,6259,2516,100
