learning_rate,hidden_channels,final_loss,religion_compliance,ethnicity_compliance,size_accuracy,overall_accuracy,training_time
0.001,64,4.075400352478027,0.8290461735101454,0.7865473717846301,0.7250452228251932,0.7802129227066562,0:02:25
0.001,128,3.061295747756958,0.8392714491132769,0.8041220642275124,0.7243874362769281,0.7892603165392392,0:09:38
0.0005,64,7.606869697570801,0.764019811471481,0.7643393513340789,0.7148495313270844,0.7477362313775481,0:02:21
0.0005,128,3.946439266204834,0.8279277839910529,0.7988496564946477,0.7258674560105246,0.7842149654987417,0:09:35
0.0001,64,25.730295181274414,0.5691004952867871,0.6619268253714651,0.6359151455352738,0.622314155397842,0:02:22
0.0001,128,17.07851219177246,0.6561751078447037,0.7156095222879054,0.6313106396974182,0.6676984232766757,0:09:40
