{
    "area_code": "E02005943",
    "num_persons": 6259,
    "num_households": 2516,
    "total_combinations_tested": 6,
    "total_training_time_seconds": 2164.880381822586,
    "total_training_time_str": "0:36:04",
    "num_epochs_per_combination": 100,
    "learning_rates_tested": [
        0.001,
        0.0005,
        0.0001
    ],
    "hidden_dims_tested": [
        64,
        128
    ],
    "best_learning_rate": 0.001,
    "best_hidden_channels": 128,
    "best_loss": 3.061295747756958,
    "best_religion_compliance": 0.8392714491132769,
    "best_ethnicity_compliance": 0.8041220642275124,
    "best_size_accuracy": 0.7243874362769281,
    "best_overall_accuracy": 0.7892603165392392
}