{
    "area_code": "E02005943",
    "num_persons": 6259,
    "num_households": 2516,
    "total_combinations_tested": 1,
    "total_training_time_seconds": 400.1706876754761,
    "total_training_time_str": "0:06:40",
    "num_epochs_per_combination": 200,
    "learning_rates_tested": [
        0.001
    ],
    "hidden_dims_tested": [
        64
    ],
    "best_learning_rate": 0.001,
    "best_hidden_channels": 64,
    "best_loss": 3.2961230278015137,
    "best_religion_compliance": 0.857165681418757,
    "best_ethnicity_compliance": 0.843585237258348,
    "best_size_accuracy": 0.7299103504482478,
    "best_overall_accuracy": 0.8102204230417843
}