learning_rate,hidden_channels,final_loss,average_accuracy,training_time
0.001,64,1.6943198442459106,0.9399101138114929,0:00:38
0.001,128,1.6688952445983887,0.9240037600199381,0:00:37
0.001,256,1.7140480279922485,0.9456497033437093,0:00:37
0.0005,64,1.8432655334472656,0.9099177718162537,0:00:38
0.0005,128,1.8214259147644043,0.9275052348772684,0:00:37
0.0005,256,1.7199474573135376,0.9386955698331197,0:00:37
0.0001,64,2.7164013385772705,0.8037391503651937,0:00:38
0.0001,128,2.39646577835083,0.6891805529594421,0:00:38
0.0001,256,2.149623155593872,0.7976905107498169,0:00:38
