learning_rate,hidden_channels,final_loss,average_accuracy,training_time
0.001,64,0.45403844118118286,0.9938414096832275,0:00:22
0.001,128,0.4616425037384033,0.993606835603714,0:00:21
0.001,256,0.4497101902961731,0.9924444258213043,0:00:22
0.0005,64,0.5040890574455261,0.9939686357975006,0:00:21
0.0005,128,0.5194234251976013,0.9921792447566986,0:00:21
0.0005,256,0.5442702770233154,0.9912867844104767,0:00:21
0.0001,64,0.8334779739379883,0.980070173740387,0:00:21
0.0001,128,0.7234463691711426,0.9868334531784058,0:00:21
0.0001,256,0.6718219518661499,0.9876402616500854,0:00:21
