learning_rate,hidden_channels,final_loss,average_accuracy,training_time
0.001,64,0.4270990192890167,0.9956808984279633,0:00:21
0.001,128,0.359139621257782,0.9975531697273254,0:00:21
0.001,256,0.36847710609436035,0.9965295493602753,0:00:21
0.0005,64,0.43708956241607666,0.9952394068241119,0:00:21
0.0005,128,0.4314785599708557,0.9906727373600006,0:00:21
0.0005,256,0.404329776763916,0.994800329208374,0:00:21
0.0001,64,0.6906258463859558,0.985548198223114,0:00:21
0.0001,128,0.6259010434150696,0.987753838300705,0:00:21
0.0001,256,0.5804676413536072,0.9792531132698059,0:00:21
