learning_rate,hidden_channels,final_loss,average_accuracy,training_time
0.001,64,0.4972425401210785,0.9946395456790924,0:00:21
0.001,128,0.45394331216812134,0.9913136065006256,0:00:21
0.001,256,0.45421212911605835,0.9850162863731384,0:00:21
0.0005,64,0.5325777530670166,0.980486124753952,0:00:21
0.0005,128,0.48538053035736084,0.9947168827056885,0:00:21
0.0005,256,0.5004392266273499,0.9932104349136353,0:00:21
0.0001,64,0.9479472637176514,0.9726177155971527,0:00:21
0.0001,128,0.7840232849121094,0.9697331786155701,0:00:21
0.0001,256,0.7023220658302307,0.9866040050983429,0:00:21
