learning_rate,hidden_channels,final_loss,average_accuracy,training_time
0.001,64,0.43546438217163086,0.9950869679450989,0:00:21
0.001,128,0.445070743560791,0.9950261414051056,0:00:21
0.001,256,0.42828088998794556,0.9961927235126495,0:00:21
0.0005,64,0.5601575970649719,0.9903218448162079,0:00:21
0.0005,128,0.5171024203300476,0.9929535686969757,0:00:21
0.0005,256,0.4986688494682312,0.9935489892959595,0:00:21
0.0001,64,0.8640385270118713,0.9730782210826874,0:00:21
0.0001,128,0.7534250020980835,0.9855800867080688,0:00:21
0.0001,256,0.6734210252761841,0.9885380268096924,0:00:21
