learning_rate,hidden_channels,final_loss,average_accuracy,training_time
0.001,64,1.6418397426605225,0.9194392561912537,0:00:44
0.001,128,1.7650730609893799,0.9483360846837362,0:00:48
0.001,256,1.7723586559295654,0.9238484501838684,0:00:49
0.0005,64,2.0574114322662354,0.8672506014506022,0:00:46
0.0005,128,1.7753348350524902,0.935390055179596,0:00:47
0.0005,256,1.7497276067733765,0.9082392851511637,0:00:50
0.0001,64,2.59100079536438,0.8458375732103983,0:00:47
0.0001,128,2.192074775695801,0.8673457503318787,0:00:46
0.0001,256,2.0576729774475098,0.8781799674034119,0:00:49
