learning_rate,hidden_channels,final_loss,average_accuracy,training_time
0.001,64,1.7220430374145508,0.9451078176498413,0:00:38
0.001,128,1.769392728805542,0.9536800980567932,0:00:38
0.001,256,1.6684222221374512,0.9498158097267151,0:00:38
0.0005,64,1.9882352352142334,0.9302263855934143,0:00:38
0.0005,128,1.7143425941467285,0.9392704566319784,0:00:38
0.0005,256,1.7396807670593262,0.9498205184936523,0:00:38
0.0001,64,2.4602391719818115,0.9076522390047709,0:00:38
0.0001,128,2.3034162521362305,0.9100682735443115,0:00:38
0.0001,256,2.0732998847961426,0.9138325452804565,0:00:38
