{
    "learning_rate": 0.001,
    "hidden_channels": 128,
    "religion_compliance": 0.8498502780550407,
    "ethnicity_compliance": 0.758448595465564,
    "size_accuracy": 0.7310824818599141,
    "overall_accuracy": 0.7797937851268396,
    "best_loss": 3.2485508918762207,
    "total_combinations": 6,
    "area_code": "E02005944",
    "religion_accuracy_percent": 84.98502780550406,
    "ethnicity_accuracy_percent": 75.84485954655639,
    "size_accuracy_percent": 73.10824818599141,
    "overall_accuracy_percent": 77.97937851268397,
    "total_training_time": "0:55:54",
    "final_religion_compliance": 0.8498502780550407,
    "final_ethnicity_compliance": 0.758448595465564,
    "final_size_accuracy": 0.7310824818599141,
    "final_overall_accuracy": 0.7797937851268396,
    "final_religion_accuracy_percent": 84.98502780550406,
    "final_ethnicity_accuracy_percent": 75.84485954655639,
    "final_size_accuracy_percent": 73.10824818599141,
    "final_overall_accuracy_percent": 77.97937851268397
}