{
    "learning_rate": 0.001,
    "hidden_channels": 64,
    "religion_compliance": 0.8556965635248823,
    "ethnicity_compliance": 0.7580208184799658,
    "size_accuracy": 0.7293346774193548,
    "overall_accuracy": 0.7810173531414009,
    "best_loss": 3.7248852252960205,
    "total_combinations": 1,
    "area_code": "E02005944",
    "religion_accuracy_percent": 85.56965635248824,
    "ethnicity_accuracy_percent": 75.80208184799659,
    "size_accuracy_percent": 72.93346774193547,
    "overall_accuracy_percent": 78.10173531414009,
    "total_training_time": "0:23:38",
    "final_religion_compliance": 0.8556965635248823,
    "final_ethnicity_compliance": 0.7580208184799658,
    "final_size_accuracy": 0.7293346774193548,
    "final_overall_accuracy": 0.7810173531414009,
    "final_religion_accuracy_percent": 85.56965635248824,
    "final_ethnicity_accuracy_percent": 75.80208184799659,
    "final_size_accuracy_percent": 72.93346774193547,
    "final_overall_accuracy_percent": 78.10173531414009
}