learning_rate,hidden_channels,final_loss,religion_compliance,ethnicity_compliance,size_accuracy,relative_size_accuracy,overall_accuracy,religion_accuracy_percent,ethnicity_accuracy_percent,size_accuracy_percent,overall_accuracy_percent,training_time_seconds,training_time_str,area_code,num_persons,num_households,num_epochs
0.001,64,4.1351094245910645,0.8357336375303008,0.7399115927563097,0.23000355492356914,0.7171627424848215,0.764269324257144,83.57336375303008,73.99115927563096,71.71627424848215,76.4269324257144,251.77327013015747,0:04:11,E02005944,7013,2813,100
0.001,128,3.2485508918762207,0.8498502780550407,0.758448595465564,0.24422324920014218,0.7310824818599141,0.7797937851268396,84.98502780550406,75.84485954655639,73.10824818599141,77.97937851268397,860.7844979763031,0:14:20,E02005944,7013,2813,100
0.0005,64,7.613256454467773,0.7769855981748182,0.7156708969057465,0.20618556701030927,0.6955427217532948,0.7293997389446197,77.69855981748182,71.56708969057465,69.55427217532947,72.93997389446197,246.0145308971405,0:04:06,E02005944,7013,2813,100
0.0005,128,4.615877151489258,0.8277484671324683,0.7302153144160844,0.2335584784927124,0.7161261661483784,0.7580299825656437,82.77484671324683,73.02153144160845,71.61261661483785,75.80299825656436,863.5374031066895,0:14:23,E02005944,7013,2813,100
0.0001,64,30.912944793701172,0.5730785683730215,0.6249821759589335,0.18734447209385,0.6188360728565082,0.6056322723961545,57.307856837302154,62.498217595893344,61.88360728565082,60.56322723961544,256.15639638900757,0:04:16,E02005944,7013,2813,100
0.0001,128,18.982044219970703,0.6592043348067874,0.6736061599885926,0.1809456096693921,0.6135051088405153,0.6487718678786317,65.92043348067874,67.36061599885926,61.35051088405154,64.87718678786317,876.1694054603577,0:14:36,E02005944,7013,2813,100
