learning_rate,hidden_channels,final_loss,religion_compliance,ethnicity_compliance,size_accuracy,overall_accuracy,training_time
0.001,64,4.1351094245910645,0.8357336375303008,0.7399115927563097,0.7171627424848215,0.764269324257144,0:04:11
0.001,128,3.2485508918762207,0.8498502780550407,0.758448595465564,0.7310824818599141,0.7797937851268396,0:14:20
0.0005,64,7.613256454467773,0.7769855981748182,0.7156708969057465,0.6955427217532948,0.7293997389446197,0:04:06
0.0005,128,4.615877151489258,0.8277484671324683,0.7302153144160844,0.7161261661483784,0.7580299825656437,0:14:23
0.0001,64,30.912944793701172,0.5730785683730215,0.6249821759589335,0.6188360728565082,0.6056322723961545,0:04:16
0.0001,128,18.982044219970703,0.6592043348067874,0.6736061599885926,0.6135051088405153,0.6487718678786317,0:14:36
