{
    "area_code": "E02005944",
    "num_persons": 7013,
    "num_households": 2813,
    "total_combinations_tested": 6,
    "total_training_time_seconds": 3354.437509059906,
    "total_training_time_str": "0:55:54",
    "num_epochs_per_combination": 100,
    "learning_rates_tested": [
        0.001,
        0.0005,
        0.0001
    ],
    "hidden_dims_tested": [
        64,
        128
    ],
    "best_learning_rate": 0.001,
    "best_hidden_channels": 128,
    "best_loss": 3.2485508918762207,
    "best_religion_compliance": 0.8498502780550407,
    "best_ethnicity_compliance": 0.758448595465564,
    "best_size_accuracy": 0.7310824818599141,
    "best_overall_accuracy": 0.7797937851268396
}