{
    "area_code": "E02005944",
    "num_persons": 7013,
    "num_households": 2813,
    "total_combinations_tested": 1,
    "total_training_time_seconds": 1418.6572976112366,
    "total_training_time_str": "0:23:38",
    "num_epochs_per_combination": 200,
    "learning_rates_tested": [
        0.001
    ],
    "hidden_dims_tested": [
        64
    ],
    "best_learning_rate": 0.001,
    "best_hidden_channels": 64,
    "best_loss": 3.7248852252960205,
    "best_religion_compliance": 0.8556965635248823,
    "best_ethnicity_compliance": 0.7580208184799658,
    "best_size_accuracy": 0.7293346774193548,
    "best_overall_accuracy": 0.7810173531414009
}