learning_rate,hidden_channels,final_loss,average_accuracy,training_time
0.001,64,0.46924179792404175,0.9948931932449341,0:00:22
0.001,128,0.3882533609867096,0.9962275922298431,0:00:21
0.001,256,0.39940425753593445,0.996334046125412,0:00:21
0.0005,64,0.4531400501728058,0.9938692450523376,0:00:21
0.0005,128,0.4659154415130615,0.9940955340862274,0:00:21
0.0005,256,0.45225435495376587,0.9922249913215637,0:00:21
0.0001,64,0.8191350698471069,0.9665767550468445,0:00:21
0.0001,128,0.6769139766693115,0.9621221423149109,0:00:21
0.0001,256,0.6202528476715088,0.9804975986480713,0:00:21
