learning_rate,hidden_channels,final_loss,average_accuracy,training_time
0.001,64,0.4111948609352112,0.9970465302467346,0:00:21
0.001,128,0.4036853313446045,0.9967965483665466,0:00:21
0.001,256,0.4155774712562561,0.9959889650344849,0:00:21
0.0005,64,0.49078208208084106,0.9939117729663849,0:00:21
0.0005,128,0.4933629333972931,0.9924542009830475,0:00:21
0.0005,256,0.47836047410964966,0.9940696656703949,0:00:21
0.0001,64,0.8721769452095032,0.979918897151947,0:00:21
0.0001,128,0.7208094596862793,0.9851504862308502,0:00:21
0.0001,256,0.627405047416687,0.9904315173625946,0:00:21
