{
    "learning_rate": 0.001,
    "hidden_channels": 128,
    "religion_compliance": 0.7960791178015053,
    "ethnicity_compliance": 0.7908279362856643,
    "size_accuracy": 0.718510719754977,
    "overall_accuracy": 0.7684725912807155,
    "best_loss": 3.69173264503479,
    "total_combinations": 6,
    "area_code": "E02005953",
    "religion_accuracy_percent": 79.60791178015053,
    "ethnicity_accuracy_percent": 79.08279362856644,
    "size_accuracy_percent": 71.8510719754977,
    "overall_accuracy_percent": 76.84725912807156,
    "total_training_time": "0:26:56",
    "final_religion_compliance": 0.7960791178015053,
    "final_ethnicity_compliance": 0.7908279362856643,
    "final_size_accuracy": 0.718510719754977,
    "final_overall_accuracy": 0.7684725912807155,
    "final_religion_accuracy_percent": 79.60791178015053,
    "final_ethnicity_accuracy_percent": 79.08279362856644,
    "final_size_accuracy_percent": 71.8510719754977,
    "final_overall_accuracy_percent": 76.84725912807156
}