{
    "learning_rate": 0.001,
    "hidden_channels": 64,
    "religion_compliance": 0.8323122702608087,
    "ethnicity_compliance": 0.8312620339576404,
    "size_accuracy": 0.7309826382674065,
    "overall_accuracy": 0.7981856474952852,
    "best_loss": 3.777338981628418,
    "total_combinations": 1,
    "area_code": "E02005953",
    "religion_accuracy_percent": 83.23122702608087,
    "ethnicity_accuracy_percent": 83.12620339576404,
    "size_accuracy_percent": 73.09826382674065,
    "overall_accuracy_percent": 79.81856474952852,
    "total_training_time": "0:05:14",
    "final_religion_compliance": 0.8323122702608087,
    "final_ethnicity_compliance": 0.8312620339576404,
    "final_size_accuracy": 0.7309826382674065,
    "final_overall_accuracy": 0.7981856474952852,
    "final_religion_accuracy_percent": 83.23122702608087,
    "final_ethnicity_accuracy_percent": 83.12620339576404,
    "final_size_accuracy_percent": 73.09826382674065,
    "final_overall_accuracy_percent": 79.81856474952852
}