learning_rate,hidden_channels,final_loss,religion_compliance,ethnicity_compliance,size_accuracy,relative_size_accuracy,overall_accuracy,religion_accuracy_percent,ethnicity_accuracy_percent,size_accuracy_percent,overall_accuracy_percent,training_time_seconds,training_time_str,area_code,num_persons,num_households,num_epochs
0.001,64,4.691515922546387,0.7635217924032908,0.7456677752494312,0.21764974851394606,0.7085566615620215,0.7392487430715811,76.35217924032908,74.56677752494312,70.85566615620215,73.9248743071581,153.14026522636414,0:02:33,E02005953,5713,2187,100
0.001,128,3.69173264503479,0.7960791178015053,0.7908279362856643,0.24142661179698216,0.718510719754977,0.7684725912807155,79.60791178015053,79.08279362856644,71.8510719754977,76.84725912807156,379.86291551589966,0:06:19,E02005953,5713,2187,100
0.0005,64,7.83347225189209,0.6977069840714161,0.7232627341151759,0.21719250114311842,0.699176875957121,0.7067155313812377,69.77069840714161,72.32627341151759,69.9176875957121,70.67155313812377,150.0180160999298,0:02:30,E02005953,5713,2187,100
0.0005,128,5.164038181304932,0.7477682478557676,0.7405916331174515,0.23731138545953362,0.7137251148545176,0.734028331942579,74.77682478557675,74.05916331174515,71.37251148545177,73.4028331942579,382.15582728385925,0:06:22,E02005953,5713,2187,100
0.0001,64,32.08403778076172,0.40049011027481185,0.574304218449151,0.1929583904892547,0.6289241960183767,0.5345728415807799,40.049011027481185,57.4304218449151,62.892419601837666,53.45728415807799,150.56452822685242,0:02:30,E02005953,5713,2187,100
0.0001,128,19.311450958251953,0.5282688604936111,0.6556975319446876,0.19112940100594422,0.6212672281776417,0.6017445402053134,52.82688604936111,65.56975319446876,62.12672281776417,60.17445402053134,400.2958633899689,0:06:40,E02005953,5713,2187,100
