learning_rate,hidden_channels,final_loss,religion_compliance,ethnicity_compliance,size_accuracy,overall_accuracy,training_time
0.001,64,4.691515922546387,0.7635217924032908,0.7456677752494312,0.7085566615620215,0.7392487430715811,0:02:33
0.001,128,3.69173264503479,0.7960791178015053,0.7908279362856643,0.718510719754977,0.7684725912807155,0:06:19
0.0005,64,7.83347225189209,0.6977069840714161,0.7232627341151759,0.699176875957121,0.7067155313812377,0:02:30
0.0005,128,5.164038181304932,0.7477682478557676,0.7405916331174515,0.7137251148545176,0.734028331942579,0:06:22
0.0001,64,32.08403778076172,0.40049011027481185,0.574304218449151,0.6289241960183767,0.5345728415807799,0:02:30
0.0001,128,19.311450958251953,0.5282688604936111,0.6556975319446876,0.6212672281776417,0.6017445402053134,0:06:40
