{
    "area_code": "E02005953",
    "num_persons": 5713,
    "num_households": 2187,
    "total_combinations_tested": 1,
    "total_training_time_seconds": 314.095486164093,
    "total_training_time_str": "0:05:14",
    "num_epochs_per_combination": 200,
    "learning_rates_tested": [
        0.001
    ],
    "hidden_dims_tested": [
        64
    ],
    "best_learning_rate": 0.001,
    "best_hidden_channels": 64,
    "best_loss": 3.777338981628418,
    "best_religion_compliance": 0.8323122702608087,
    "best_ethnicity_compliance": 0.8312620339576404,
    "best_size_accuracy": 0.7309826382674065,
    "best_overall_accuracy": 0.7981856474952852
}