{
    "area_code": "E02005953",
    "num_persons": 5713,
    "num_households": 2187,
    "total_combinations_tested": 6,
    "total_training_time_seconds": 1616.0384163856506,
    "total_training_time_str": "0:26:56",
    "num_epochs_per_combination": 100,
    "learning_rates_tested": [
        0.001,
        0.0005,
        0.0001
    ],
    "hidden_dims_tested": [
        64,
        128
    ],
    "best_learning_rate": 0.001,
    "best_hidden_channels": 128,
    "best_loss": 3.69173264503479,
    "best_religion_compliance": 0.7960791178015053,
    "best_ethnicity_compliance": 0.7908279362856643,
    "best_size_accuracy": 0.718510719754977,
    "best_overall_accuracy": 0.7684725912807155
}